id,sample,length,coverage,flag,note,sequence,aln_hit_id,aln_hit_def,aln_size,aln_query_start,aln_query_end,aln_sbjct_start,aln_sbjct_end
adk.d6_Esc2_NODE_63,adk.d6_Esc2,149,66.919464,,mdfA busted by transposon?,ACCGTGGTTTCAGCTACAAAATTCGCTTTCTCGTTAGCTGCGCTTTTATTAAACTCTGCGCGATTATTATTGGCGAAGAAATTGCAGGTAATGACTCCAACTTATTGATAGTGTTTTATGTTCAGATAATGCCCGATGACTTTGTCATGCAGCTCCACCGATTTTGAGA,gi|545778205|gb|U00096.3|,"Escherichia coli str. K-12 substr. MG1655, complete genome",92,77,169,19786,19878
adk.d6_Esc2_NODE_64,adk.d6_Esc2,100,60.240002,,mdfA,AGTAAGTTGGCAGCATCACCGAAATTGCATGCAAAATAAATTAGCTTCCGGTGCCAGGCTTGGACGTCAGGCGTTACTTTTCCCTCTCTGTCTGGTGCTTTACGAATTTTCAACCTATAT,gi|545778205|gb|U00096.3|,"Escherichia coli str. K-12 substr. MG1655, complete genome",99,21,120,883665,883764
adk.d6_Esc3_NODE_44,adk.d6_Esc3,91,59.604397,,upstream of lon,CTTAAGTTAGCGCTTATGGGATGTTTCCCCCACATTCAACGCCGAGAATAGAGGAAAAATTAAAGGGGAGATAAAATCCCCCCTTTTTGGTTAACTAATTGTATGGGAATG,gi|545778205|gb|U00096.3|,"Escherichia coli str. K-12 substr. MG1655, complete genome",93,18,111,458799,458706
adk.d6_Esc3_NODE_48,adk.d6_Esc3,72,59.041668,,upstream of lon,CTTAAGTTAGCGCTTATGGGGAAACATCCCCATATACTGACGTACATGTTAATAGATGGCGTGAAGCACAGTCGTGTCATCTGATTACCTGG,gi|545778205|gb|U00096.3|,"Escherichia coli str. K-12 substr. MG1655, complete genome",74,18,92,458787,458861
adk.d6_Esc2_NODE_61,adk.d6_Esc2,83,55.73494,,upstream of lon,CTTAAGTTAGCGCTTATGGGATGTTTCCCCCACATTCAACGCCGAGAATAGAGGAAAAATTAAAGGGGAGATAAAATCCCCCCTTTTTGGTTAACTAATTGTA,gi|545778205|gb|U00096.3|,"Escherichia coli str. K-12 substr. MG1655, complete genome",85,18,103,458799,458714
adk.d6_Esc3_NODE_42,adk.d6_Esc3,61,52.72131,,,GCTGACCAGTTATCGTGAGAGTAATTCATCGGCACGTTAAATCATATCAGGCGTAATACCACAACCCTTAAGTTAGCGCTT,gi|545778205|gb|U00096.3|,"Escherichia coli str. K-12 substr. MG1655, complete genome",80,1,81,15473,15393
adk.d6_Esc2_NODE_69,adk.d6_Esc2,89,52.056179,,,CTTAAGTTAGCGCTTATGGGGAAACATCCCCATATACTGACGTACATGTTAATAGATGGCGTGAAGCACAGTCGTGTCATCTGATTACCTGGCGGAAATTAAACTAAGA,gi|545778205|gb|U00096.3|,"Escherichia coli str. K-12 substr. MG1655, complete genome",91,18,109,458787,458878
adk.d6_Esc2_NODE_70,adk.d6_Esc2,150,51.753334,,,GTTGTAATGATAGCTCAGAAGGATTATGCAAGGCTTCGTAAGGGAGAACGCATATACCCACTTCTGTGCATACTGGTTCGTTTTACGCACTTCTTCCGGGCTATATACCCTTCTCGGCAGTTTTTTAACGCCGCTATACGCCTCACAGGGCTCTTAGATCGGAAGAGCAC,gi|545778205|gb|U00096.3|,"Escherichia coli str. K-12 substr. MG1655, complete genome",80,76,156,1294193,1294273
adk.d6_Esc2_NODE_59,adk.d6_Esc2,69,51.391304,,,CCAGAATTGCTGACCAGTTATCGTGAGAGTAATTCATCGGCACGTTAAATCATATCAGGCGTAATACCACAACCCTTAAGTTAGCGCTT,gi|545778205|gb|U00096.3|,"Escherichia coli str. K-12 substr. MG1655, complete genome",88,1,89,15481,15393
adk.d6_DEP_NODE_160,adk.d6_DEP,186,51.30645,,,TCATTTACCCGCTTATAACAAGCGAGGCAGTTGTAATGATAGCTCAGAAGGATTATGCAAGGCTTCGTAAGGGAGAACGCATATACCCACTTCTGTGCATACTGGTTCGTTTTACGCACTTCTTCCGGGCTATATACCCTTCTCGGCAGTTTTTTAACGCCGCTATACGCCTCACAGGGCTCTTAAGCACCGACGTTGACTTGTGA,gi|545778205|gb|U00096.3|,"Escherichia coli str. K-12 substr. MG1655, complete genome",103,1,104,1293350,1293453
adk.d6_Esc3_NODE_45,adk.d6_Esc3,68,50.470589,,,AAACGCAATTGAAGAACGCGAGGCATCGTCTTAACGAGGCACCGAGGCGTCGCATTCTTCAGATGGTTCAACCCTTAAGTTAGCGCTT,gi|545778205|gb|U00096.3|,"Escherichia coli str. K-12 substr. MG1655, complete genome",87,1,88,16638,16725
adk.d6_Esc3_NODE_46,adk.d6_Esc3,151,49.066227,,,TCGTTCTCAAAATCGGTGGAGCTGCATGACAAAGTCATCGGGCATTATCTGAACATAAAACACTATCAATAAGTTGGAGTCATTACCTGCAATTTCTTCGCCAATAATAATCGCGCAGAGTTTAATAAAAGCGCAGCTAACGAGAAAGCGAATTTTGTAGCTGAAACCACG,gi|545778205|gb|U00096.3|,"Escherichia coli str. K-12 substr. MG1655, complete genome",96,1,97,19882,19786
adk.d6_Esc3_NODE_47,adk.d6_Esc3,119,44.462185,,,ACCCTGTTCTATGGCTCCAGATGACAAACATGATCTCATATCAGGGACTTGTTCGCACCTTCCTTAGCGGTGGTGGGTTATAGCAATGAAACGCTGTCATTTATTTTAACGCCTGCACCGGGCGGCATCGATGTTCCGA,gi|545778205|gb|U00096.3|,"Escherichia coli str. K-12 substr. MG1655, complete genome",75,64,139,1383142,1383067
adk.d6_Esc1_NODE_49,adk.d6_Esc1,128,42.921875,,,CTTTCTCGTTAGCTGCGCTTTTATTAAACTCTGCGCGATTATTATTGGCGAAGAAATTGCAGGTAATGACTCCAACTTATTGATAGTGTTTTATGTTCAGATAATGCCCGATGACTTTGTCATGCAGCTCCACCGATTTTGAGAACGA,gi|545778205|gb|U00096.3|,"Escherichia coli str. K-12 substr. MG1655, complete genome",96,52,148,19786,19882
adk.d6_Esc2_NODE_62,adk.d6_Esc2,62,40.548386,,,AATTGAAGAACGCGAGGCATCGTCTTAACGAGGCACCGAGGCGTCGCATTCTTCAGATGGTTCAACCCTTAAGTTAGCGCTT,gi|545778205|gb|U00096.3|,"Escherichia coli str. K-12 substr. MG1655, complete genome",81,1,82,16644,16725
adk.d6_Esc1_NODE_55,adk.d6_Esc1,72,39.444443,,,TTAAGTTAGCGCTTATGGGAAACATCCCCATATACTGACGTACATGTTAATAGATGGCGTGAAGCACAGTCGTGTCATCTGATTACCTGGCG,gi|545778205|gb|U00096.3|,"Escherichia coli str. K-12 substr. MG1655, complete genome",75,17,92,458788,458863
adk.d6_DEP_NODE_159,adk.d6_DEP,149,37.872482,,,CCAATAAGCATGTTAAATCCCCCTGGTAAAAGCAGGAATGATGCCATTTGCTTGTTATTTCTTCATTTTCATAAACGTTGGTTTGGGAGAAGGAGCAAAACTCAATGCAGCAACGGCTACATTAGGACGCACCGGTTTCATAGCTATACCGGTTATGATTGGTGGTATT,gi|545778205|gb|U00096.3|,"Escherichia coli str. K-12 substr. MG1655, complete genome",96,73,169,1207785,1207881
adk.d6_DEP_NODE_45,adk.d6_DEP,1183,37.827557,,,CTAAGGAAGGTGCGAACAAGTCCCTGATATGAGATCATGTTTGTCATCTGGAGCCATAGAACAGGGTTCATCATGAGTCATCAACTTACCTTCGCCGACAGTGAATTCAGCAGTAAGCGCCGTCAGACCAGAAAAGAGATTTTCTTGTCCCGCATGGAGCAGATTCTGCCATGGCAAAACATGGTGGAAGTCATCGAGCCGTTTTACCCCAAGGCTGGTAATGGCCGGCGACCTTATCCGCTGGAAACCATGCTACGCATTCACTGCATGCAGCATTGGTACAACCTGAGCGATGGCGCGATGGAAGATGCTCTGTACGAAATCGCCTCCATGCGTCTGTTTGCCCGGTTATCCCTGGATAGCGCCTTGCCGGACCGCACCACCATCATGAATTTCCGCCACCTGCTCGAGCAGCATCAACTGGCCCGCCAATTGTTCAAGACCATCAATCGCTGGCTGGCCGAAGCAGGCGTCATGATGACTCAAGGCACCTTGGTCGATGCCACCATCATTGAGGCACCCAGCTCGACCAAGAACAAAGAGCAGCAACGCGATCCGGAGATGCATCAGACCAAGAAAGGCAATCAGTGGCACTTTGGCATGAAGGCCCACATTGGTGTCGATGCCAAGAGTGGCCTGACCCACAGCCTGGTCACCACCGCGGCCAACGAGCATGACCTCAATCAGCTGGGTAATCTGCTGCATGGAGAGGAGCAATTTGTCTCAGCCGATGCCGGCTACCAAGGGGCGCCACAGCGCGAGGAGCTGGCCGAGGTGGATGTGGACTGGCTGATCGCCGAGCGCCCCGGCAAGGTAAGAACCTTGAAACAGCATCCACGCAAGAACAAAACGGCCATCAACATCGAATACATGAAAGCCAGCATCCGGGCCAGGGTGGAGCACCCATTTCGCATCATCAAGCGACAGTTCGGCTTCGTGAAAGCCAGATACAAGGGGTTGCTGAAAAACGATAACCAACTGGCGATGTTATTCACGCTGGCCAACCTGTTTCGGGCGGACCAAATGATACGTCAGTGGGAGAGATCTCACTAAAAACTGGGGATAACGCCTTAAATGGCGAAGAAACGGTCTAAATAGGCTGATTCAAGGCATTTACGGGAGAAAAAATCGGCTCAAACATGAAGAAATGAAATGACTGAGTCAGCCGAGAAGAATTTCCCCGCTTATTCGCACCTTCCCTAA,gi|545778205|gb|U00096.3|,"Escherichia coli str. K-12 substr. MG1655, complete genome",1202,1,1203,575789,574587
adk.d6_Esc1_NODE_52,adk.d6_Esc1,73,36.369862,,,TTAAGTTAGCGCTTATGGGATGTTTCCCCCACATTCAACGCCGAGAATAGAGGAAAAATTAAAGGGGAGATAAAATCCCCCCTTTTTGGTTAA,gi|545778205|gb|U00096.3|,"Escherichia coli str. K-12 substr. MG1655, complete genome",76,17,93,458799,458723
adk.d6_Esc1_NODE_53,adk.d6_Esc1,47,35.127659,,,GGCATCGTCTTAACGAGGCACCGAGGCGTCGCATTCTTCAGATGGTTCAACCCTTAAGTTAGCGCTT,gi|545778205|gb|U00096.3|,"Escherichia coli str. K-12 substr. MG1655, complete genome",66,1,67,16659,16725
adk.d6_Esc2_NODE_66,adk.d6_Esc2,167,34.952095,,,CAATCATAACCGGTATAGCTATGAAACCGGTGCGTCCTAATGTAGCCGTTGCTGCATTGAGTTTTGCTCCTTCTCCCAAACCAACGTTTATGAAAATGAAGAAATAACAAGCAAATGGCATCATTCCTGCTTTTACCAGGGGGATTTAACATGCTTATTGGCTATGTACGCGTATCAACAAATGACC,gi|545778205|gb|U00096.3|,"Escherichia coli str. K-12 substr. MG1655, complete genome",118,69,187,1209603,1209721
adk.d6_Esc1_NODE_50,adk.d6_Esc1,50,34.860001,,,ATCGTGAGAGTAATTCATCGGCACGTTAAATCATATCAGGCGTAATACCACAACCCTTAAGTTAGCGCTT,gi|545778205|gb|U00096.3|,"Escherichia coli str. K-12 substr. MG1655, complete genome",69,1,70,15462,15393
adk.d6_Esc3_NODE_54,adk.d6_Esc3,89,34.471909,,,AAGGATTATGCAAGGCTTCGTAAGGGAGAACGCATATACCCACTTCTGTGCATACTGGTTCGTTTTACGCACTTCTTCCGGGCTATATACCCTTCTCGGCAGTTTTTTA,gi|545778205|gb|U00096.3|,"Escherichia coli str. K-12 substr. MG1655, complete genome",56,1,57,1293397,1293453
adk.d6_Esc3_NODE_50,adk.d6_Esc3,133,33.563911,,,AATCATAACCGGTATAGCTATGAAACCGGTGCGTCCTAATGTAGCCGTTGCTGCATTGAGTTTTGCTCCTTCTCCCAAACCAACGTTTATGAAAATGAAGAAATAACAAGCAAATGGCATCATTCCTGCTTTTACCAGGGGGATTTAACATGC,gi|545778205|gb|U00096.3|,"Escherichia coli str. K-12 substr. MG1655, complete genome",85,68,153,1209603,1209688
adk.d6_Esc3_NODE_49,adk.d6_Esc3,80,32.962502,,,AAGCACCAGACAGAGAGGGAAAAGTAACGCCTGACGTCCAAGCCTGGCACCGGAAGCTAATTTATTTTGCATGCAATTTCGGTGATGCTGCCAACTTACT,gi|545778205|gb|U00096.3|,"Escherichia coli str. K-12 substr. MG1655, complete genome",79,1,80,883744,883665
adk.d6_DEP_NODE_158,adk.d6_DEP,118,31.949152,,,TCCGTTTGGCGATATCAAATCGGATGGCACTGTGCAAACGGCTCTCGAAAACCTTGGTTTGGGAGAAGGCTCTGCATTACCTGTTGGTGTCCCGGTTCCGTGGCCTTCAGCCACTCCGCCAACAGGCTGGCTGAAATG,gi|545778205|gb|U00096.3|,"Escherichia coli str. K-12 substr. MG1655, complete genome",89,49,138,1209623,1209534
adk.d6_DEP_NODE_120,adk.d6_DEP,86,30.813953,,,AACGCCTTATCCGGCCTACGGAGGGTGCGGGAATTTGTAGGCCTGATAAGACGCGCCAGCGTCGCATCAGGCAACCGGCTTGGGCGTTAGATGTCGGATGCGGCGT,gi|545778205|gb|U00096.3|,"Escherichia coli str. K-12 substr. MG1655, complete genome",109,3,106,2304772,2304663
adk.d6_DEP_NODE_139,adk.d6_DEP,176,30.28409,,,GCGTACCTTTTGTATAATGGGTCAGCGACTTATATTCTGTAGCAAGGTTAACCGAATAGGGGAGCCGAAGGGAAACCGAGTCTTAACTGGGCGTTAAGTTGCAGGGTATAGACCCGAAACCCGGTGATCTAGCCATGGGCAGGTTGAAGGTTGGGTAACACTAACTGGAGGACCGAACCGACTAATGTTGAAAAAT,gi|666001753|gb|CP008805.1|,"Escherichia coli O157:H7 str. SS17, complete genome",195,1,196,4792602,4792797
adk.d6_DEP_NODE_83,adk.d6_DEP,168,28.869047,,,GGCCATCATTACGCCATTCGTGCAGGTCGGAACTTACCCGACAAGGAATTTCGCTACCTTAGGACCGTTATAGTTACGGCCGCCGTTTACCGGGGCTTCGATCAAGAGCTTCGCTTGCGCTAACCCCATCAATTAACCTTCCGGCACCGGGCAGGCGTCACACCGTATACGTCCACTTTCGTGTTTGC,gi|545778205|gb|U00096.3|,"Escherichia coli str. K-12 substr. MG1655, complete genome",187,1,188,227744,227557
adk.d6_DEP_NODE_149,adk.d6_DEP,168,28.714285,,,TGAACCGGGGATGACGGTCTCCCTCGTTGCCCGGCAACATGGTGTAGCAGCCAGCCAGTTATTTCTCTGGCGTAAGCAATACCAGGAAGGAAGTCTTACTGCTGTCGCCGCCGGAGAACAGGTTGTTCCTGCCTCTGAACTTGCTGCCGCCATGAAGCAGATTAAAGAACTCCAGCGCCTGCTCGGCA,gi|545778205|gb|U00096.3|,"Escherichia coli str. K-12 substr. MG1655, complete genome",187,1,188,381428,381615
adk.d6_DEP_NODE_136,adk.d6_DEP,65,28.461538,,,TTTGCTCTTTAAAAATCTGGATCAAGCTGAAAATTGAAACACTGAACAACGAAAGTTGTTCGTGAGTCTCTCAAATTTTCGCAAC,gi|545778205|gb|U00096.3|,"Escherichia coli str. K-12 substr. MG1655, complete genome",84,1,85,3426896,3426812
adk.d6_DEP_NODE_82,adk.d6_DEP,243,26.625515,,,AAACTACCCACCAGACACTGTCCGCAACCCGGATTACGGGTCAACGTTAGAACATCAAACATTAAAGGGTGGTATTTCAAGGTCGGCTCCATGCAGACTGGCGTCCACACTTCAAAGCCTCCCACCTATCCTACACATCAAGGCTCAATGTTCAGTGTCAAGCTATAGTAAAGGTTCACGGGGTCTTTCCGTCTTGCCGCGGGTACACTGCATCTTCACAGCGAGTTCAATTTCACTGAGTCTCGGGTGGAGACAGCCTGGCC,gi|545778205|gb|U00096.3|,"Escherichia coli str. K-12 substr. MG1655, complete genome",262,1,263,228003,227741
adk.d6_DEP_NODE_151,adk.d6_DEP,144,26.416666,,,CGTGTTTACCGGATCATGCGCCAGAATGCGCTGTTGCTTGAGCGAAAACCTGCTGTACCGCCATCGAAACGGGCACATACAGGCAGAGTGGCCGTGAAAGAAAGCAATCAGCGATGGTGCTCTGACGGGTTCGAGTTCTGCTGTGATAACGGAGAGAGACTGCG,gi|545778205|gb|U00096.3|,"Escherichia coli str. K-12 substr. MG1655, complete genome",163,1,164,381944,382107
adk.d6_DEP_NODE_138,adk.d6_DEP,306,26.339869,,,TCTAAGTACCCCGAGGAAAAGAAATCAACCGAGATTCCCCCAGTAGCGGCGAGCGAACGGGGAGCAGCCCAGAGCCTGAATCAGTGTGTGTGTTAGTGGAAGCGTCTGGAAAGGCGCGCGATACAGGGCGACAGCCCCGTACACAAAAATGCACATGCTGTGAGCTCGATGAGTAGGGCGGGACACGTGGTATCCTGTCTGAATATGGGGGGACCATCCTCCAAGGCTAAATACTCCTGACTGACCGATAGTGAACCAGTACCGTGAGGGAAAGGCGAAAAGAACCCCGGCGAGGGGAGTGAAAAAGAACCTGAAACCGTGTACGT,gi|545778205|gb|U00096.3|,"Escherichia coli str. K-12 substr. MG1655, complete genome",325,1,326,2728985,2728660
adk.d6_DEP_NODE_131,adk.d6_DEP,154,25.863636,,,ATTAGATACCCTGGTAGTCCACGCCGTAAACGATGTCGACTTGGAGGTTGTGCCCTTGAGGCGTGGCTTCCGGAGCTAACGCGTTAAGTCGACCGCCTGGGGAGTACGGCCGCAAGGTTAAAACTCAAATGAATTGACGGGGGCCCGCACAAGCGGTGGAGCATGTGGTTTAAT,gi|666001753|gb|CP008805.1|,"Escherichia coli O157:H7 str. SS17, complete genome",173,1,174,227862,228035
adk.d6_DEP_NODE_135,adk.d6_DEP,59,25.38983,,,ACCGTAGGGGAACCTGCGGTTGGATCACCTCCTTACCTTAAAGAAGCGTACTTTGCAGTGCTCACACAGATTGTCTGAT,gi|666001753|gb|CP008805.1|,"Escherichia coli O157:H7 str. SS17, complete genome",78,1,79,228583,228661
adk.d6_DEP_NODE_130,adk.d6_DEP,146,25.369864,,,GGGAACTGCATCTGATACTGGCAAGCTTGAGTCTCGTAGAGGGGGGTAGAATTCCAGGTGTAGCGGTGAAATGCGTAGAGATCTGGAGGAATACCGGTGGCGAAGGCGGCCCCCTGGACGAAGACTGACGCTCAGGTGCGAAAGCGTGGGGAGCAAACAGGATTAG,gi|666001753|gb|CP008805.1|,"Escherichia coli O157:H7 str. SS17, complete genome",165,1,166,3506756,3506591
adk.d6_DEP_NODE_132,adk.d6_DEP,120,25.299999,,,CAACGCGAAGAACCTTACCTGGTCTTGACATCCACGGAAGTTTTCAGAGATGAGAATGTGCCTTCGGGAACCGTGAGACAGGTGCTGCATGGCTGTCGTCAGCTCGTGTTGTGAAATGTTGGGTTAAGTCCCGCAACGAG,gi|666001753|gb|CP008805.1|,"Escherichia coli O157:H7 str. SS17, complete genome",139,1,140,3506415,3506276
adk.d6_DEP_NODE_126,adk.d6_DEP,102,25.09804,,,ACTGCTCTTTAACAATTTATCAGACAATCTGTGTGGGCACTCGAAGATACGGATTCTTAACGTCGCAAGACGAAAAATGAATACCAAGTCTCAAGAGTGAACACGTAATTCATTACGAAGTT,gi|545778205|gb|U00096.3|,"Escherichia coli str. K-12 substr. MG1655, complete genome",121,1,122,2731303,2731182
adk.d6_DEP_NODE_133,adk.d6_DEP,132,25.007576,,,TTGCCAGCGGTCCGGCCGGGAACTCAAAGGAGACTGCCAGTGATAAACTGGAGGAAGGTGGGGATGACGTCAAGTCATCATGGCCCTTACGACCAGGGCTACACACGTGCTACAATGGCGCATACAAAGAGAAGCGACCTCGCGAGAGCAAG,gi|666001753|gb|CP008805.1|,"Escherichia coli O157:H7 str. SS17, complete genome",151,1,152,228200,228351
adk.d6_DEP_NODE_155,adk.d6_DEP,53,24.264151,,,GGATACAACTCTGGCAATGGTATCGTGAACAGGAATACCATTTTCAAAATCACCATATTGCTTCAAAAAATCG,gi|545778205|gb|U00096.3|,"Escherichia coli str. K-12 substr. MG1655, complete genome",72,1,73,736681,736609
adk.d6_DEP_NODE_142,adk.d6_DEP,251,24.227091,,,TCGTCATCACGCCTCAGCCTTGATTTTCCGGATTTGCCTGGAAAACCAGCCTACACGCTTAAACCGGGACAACCGTCGCCCGGCCAACATAGCCTTCTCCGTCCCCCCTTCGCAGTAACACCAAGTACAGGAATATTAACCTGTTTCCCATCGACTACGCCTTTCGGCCTCGCCTTAGGGGTCGACTCACCCTGCCCCGATTAACGTTGGACAGGAACCCTTGGTCTTCCGGCGAGCGGGCTTTTCACCCGCTTTATCGTTACTTATGTCA,gi|666001753|gb|CP008805.1|,"Escherichia coli O157:H7 str. SS17, complete genome",270,1,271,230590,230320
adk.d6_DEP_NODE_137,adk.d6_DEP,148,24.216217,,,GAAACATCTTCGGGTTGTGAGGTTAAGCGACTAAGCGTACACGGTGGATGCCCTGGCAGTCAGAGGCGATGAAGGACGTGCTAATCTGCGATAAGCGTCGGTAAGGTGATATGAACCGTTATAACCGGCGATTTCCGAATGGGGAAACCCAGTGTGTTTCGACACACT,gi|545778205|gb|U00096.3|,"Escherichia coli str. K-12 substr. MG1655, complete genome",167,1,168,225739,225906
adk.d6_DEP_NODE_121,adk.d6_DEP,46,23.804348,,,ACGAGATACGCATTGCTGACCGGGGATTCGGTTCGCGTCCCGAATGTATCCGCTCACTTGCTTTTG,gi|545778205|gb|U00096.3|,"Escherichia coli str. K-12 substr. MG1655, complete genome",65,1,66,15935,16000
adk.d6_DEP_NODE_144,adk.d6_DEP,66,23.757576,,,GGTTGGCTAATCCTGGTCGGACATCAGGAGGTTAGTGCAATGGCATAAGCCAGCTTGACTGCGAGCGTGACGGCGCGAGCAGGTGC,gi|666001753|gb|CP008805.1|,"Escherichia coli O157:H7 str. SS17, complete genome",85,1,86,231351,231436
adk.d6_DEP_NODE_89,adk.d6_DEP,101,23.693069,,,CAGCAAAGAACCTTGCAGAGGCGTTCGAGCATTATAACGAATGGCATCCGCATAGTGCGCTGGGTTATCGCTCGCCACGGGAATATCTGCGGCAGCGGGCTTGTAATGGGTTAAGTGATAA,gi|666001753|gb|CP008805.1|,"Escherichia coli O157:H7 str. SS17, complete genome",120,1,121,1525305,1525185
adk.d6_DEP_NODE_146,adk.d6_DEP,230,23.673914,,,CACTGGTGTTCGGGTTGTCATGCCAATGGCACTGCCCGGTAGCTAAATGCGGAAGAGATAAGTGCTGAAAGCATCTAAGCACGAAACTTGCCCCGAGATGAGTTCTCCCTGACTCCTTGAGAGTCCTGAAGGAACGTTGAAGACGACGACGTTGATAGGCCGGGTGTGTAAGCGCAGCGATGCGTTGAGCTAACCGGTACTAATGAACCGTGAGGCTTAACCTTACAACGCCGAAGATGTTTTGGCGGAT,gi|545778205|gb|U00096.3|,"Escherichia coli str. K-12 substr. MG1655, complete genome",249,1,250,3946384,3946633
adk.d6_DEP_NODE_127,adk.d6_DEP,122,23.508196,,,TTGATCATGGCTCAGATTGAACGCTGGCGGCAGGCCTAACACATGCAAGTCGAACGGTAACAGGAAGAAGCTTGCTTCTTTGCTGACGAGTGGCGGACGGGTGAGTAATGTCTGGGAAACTGCCTGATGGAGGGGGATAACT,gi|666001753|gb|CP008805.1|,"Escherichia coli O157:H7 str. SS17, complete genome",141,1,142,3507369,3507228
adk.d6_Esc3_NODE_51,adk.d6_Esc3,115,23.408695,,,GCGCTGCTGTTAAGCCGCAAGAATCCGTTTGGCGATATCAAATCGGATGGCACTGTGCAAACGGCTCTCGAAAACCTTGGTTTGGGAGAAGGCTCTGCATTACCTGTTGGTGTCCCGGTTCCGTGGCCTTCAGCC,gi|545778205|gb|U00096.3|,"Escherichia coli str. K-12 substr. MG1655, complete genome",91,1,92,1207714,1207805
adk.d6_DEP_NODE_141,adk.d6_DEP,109,23.155964,,,AAGCAGCCATCATTTAAAGAAAGCGTAATAGCTCACTGGTCGAGTCGGCCTGCGCGGAAGATGTAACGGGGCTAAACCATGCACCGAAGCTGCGGCAGCGACGCTTATGCGTTGTTGGGTAGGGGAGCG,gi|664682453|gb|CP008801.1|,"Escherichia coli KLY, complete genome",128,1,129,226827,226955
adk.d6_DEP_NODE_118,adk.d6_DEP,66,22.772728,,,GATTTCTTCTCTGCCGTGACTCTTTTCACTCATTGCGTAACTGTCATGCTCTGGATTATTTAATTCTTTCAGCGGAAATTTTTCCT,gi|545778205|gb|U00096.3|,"Escherichia coli str. K-12 substr. MG1655, complete genome",85,1,86,737529,737444
adk.d6_DEP_NODE_152,adk.d6_DEP,87,22.528736,,,CGCTGGACTGCTGTGATCGTGAGGCACTGCACTGGGCGGTCACTACCGGCGGCTTCAACAGTGAAACAGTACAGGACGTCATGCTGGGAGCGGTGGAACGCCGCTTC,gi|545778205|gb|U00096.3|,"Escherichia coli str. K-12 substr. MG1655, complete genome",106,1,107,382119,382225
adk.d6_DEP_NODE_143,adk.d6_DEP,47,22.361702,,,CGTACCCCAAACCGACACAGGTGGTCAGGTAGAGAATACCAAGGCGCTTGAGAGAACTCGGGTGAAG,gi|666001753|gb|CP008805.1|,"Escherichia coli O157:H7 str. SS17, complete genome",66,1,67,230662,230728
adk.d6_DEP_NODE_140,adk.d6_DEP,75,22.346666,,,CCCAGACCGCCAGCTAAGGTCCCAAAGTCATGGTTAAGTGGGAAACGATGTGGGAAGGCCCAGACAGCCAGGATGTTGGCTTAGAAGCAGCCATC,gi|666001753|gb|CP008805.1|,"Escherichia coli O157:H7 str. SS17, complete genome",94,1,95,230048,230142
adk.d6_DEP_NODE_150,adk.d6_DEP,52,22.346153,,,GCTTCTCCGTATACACCATGTTATCGGAGAGCTGCCAACGTATGGTTATCGTCGGGTATGGGCGCTGCTTCG,gi|545778205|gb|U00096.3|,"Escherichia coli str. K-12 substr. MG1655, complete genome",71,1,72,381829,381900
adk.d6_DEP_NODE_153,adk.d6_DEP,67,22.343283,,,CGGATAATGGTTCATGCTACCGGGCTAATGAAACACGCCAGTTCGCCCGGATGTTGGGACTTGAACCGAAGAACACGGCGGTGCGGA,gi|666001753|gb|CP008805.1|,"Escherichia coli O157:H7 str. SS17, complete genome",86,1,87,1525482,1525396
adk.d6_DEP_NODE_145,adk.d6_DEP,51,22.058823,,,CGCTGGAGAACTGAGGGGGGCTGCTCCTAGTACGAGAGGACCGGAGTGGACGCATCACTGGTGTTCGGGTT,gi|666001753|gb|CP008805.1|,"Escherichia coli O157:H7 str. SS17, complete genome",70,1,71,3502865,3502795
adk.d6_DEP_NODE_134,adk.d6_DEP,60,21.733334,,,CTTAACCTTCGGGAGGGCGCTTACCACTTTGTGATTCATGACTGGGGTGAAGTCGTAACAAGGTAACCGTAGGGGAACCT,gi|666001753|gb|CP008805.1|,"Escherichia coli O157:H7 str. SS17, complete genome",79,1,80,228518,228597
adk.d6_DEP_NODE_71,adk.d6_DEP,57,21.719297,,,TATGGGCGCTGCTTCGCAGACAGGCAGAACTTGATGGTATGCCTGCGATCAATGCCAAACGTGTTTACCGGATCATG,gi|545778205|gb|U00096.3|,"Escherichia coli str. K-12 substr. MG1655, complete genome",76,1,77,381885,381961
adk.d6_DEP_NODE_161,adk.d6_DEP,59,21.677965,,,GCCGTCTGCGTTTCTCCGGCCCTAAGACATCAATCATCTGTTCTCCAATGACTAGTCTAAAAACTAGTATTAAGACTAT,gi|666001753|gb|CP008805.1|,"Escherichia coli O157:H7 str. SS17, complete genome",78,1,79,1526358,1526436
